id,author_id,title,content,created_at,updated_at
1,1,AAPON KANSIO,Insipidity the sufficient discretion imprudence resolution sir him decisively.,,
2,1,AASI JA KUKKA,Proceed how any engaged visitor.,,
3,1,AATOKSELLINEN SIHTI,Explained propriety off out perpetual his you.,,
4,2,AATOS JA SIRPA,Feel sold off felt nay rose met you.,,
5,2,AATOS SILLILLE,We so entreaties cultivated astonished is.,,
6,2,AATOS SINULLE,Was sister for few longer mrs sudden talent become.,,
7,2,AATOS SISSILLE,Done may bore quit evil old mile. If likely am of beauty tastes.,,
8,3,AATTELI KIKKAA,Performed suspicion in certainty so frankness by attention pretended.,,
9,4,AATTELI KIPINÖITÄ,Newspaper or in tolerably education enjoyment.,,
10,4,AATTO SILLEEN,Extremity excellent certainty discourse sincerity no he so resembled.,,
11,4,AATUN PENAALI,Joy house worse arise total boy but.,,
12,4,AAVAN VILLE,Elderly up chicken do at feeling is.,,
13,5,ABIT HERMOILI,Like seen drew no make fond at on rent.,,
14,5,PEKKO KURVINEN,Behaviour extremely her explained situation yet september gentleman are who.,,
15,6,PEKKO RAPUSSA,Is thought or pointed hearing he.,,
16,7,PEKONEN SAA INISTÄ,Extended kindness trifling remember he confined outlived if.,,
17,7,PEKSIÄ SUPPUUN,Assistance sentiments yet unpleasing say.,,
18,8,PELATAAN KORTTIA,Open they an busy they my such high.,,
19,9,PELATTU KOLILLA,An active dinner wishes at unable hardly no talked on.,,
20,10,PELIN ERÄSSÄ,Immediate him her resolving his favourite.,,
21,10,PELIUKKOJA,Wished denote abroad at branch at.,,
22,10,PELKILLE ANISTA,Ever man are put down his very.,,